item,timestamp,delta_time,file,delta_time_level
http://graphameleon.com#TRACE_5CC7ABADF0807E49F3C33A2B65C9A5B2,2023-07-06 07:18:51.745000+00:00,0.059,output_oct_interarrival_GPL_normal_scenario.ttl.csv,low
http://graphameleon.com#TRACE_B080F07AB4267B8B61E57607C74B1189,2023-07-06 07:18:51.746000+00:00,0.001,output_oct_interarrival_GPL_normal_scenario.ttl.csv,low
http://graphameleon.com#TRACE_423FCE8F9851CF45967B3A5882C2AB60,2023-07-06 07:18:51.746000+00:00,0.0,output_oct_interarrival_GPL_normal_scenario.ttl.csv,low
http://graphameleon.com#TRACE_FE7FC26ECC73060F0741EBD5F3E6233E,2023-07-06 07:18:51.749000+00:00,0.003,output_oct_interarrival_GPL_normal_scenario.ttl.csv,low
http://graphameleon.com#TRACE_529CEB785720517856B7458742A9F1FA,2023-07-06 07:18:55.342000+00:00,3.593,output_oct_interarrival_GPL_normal_scenario.ttl.csv,high
http://graphameleon.com#TRACE_563F0CE92D82206024C81B069E370AFF,2023-07-06 07:18:58.604000+00:00,3.262,output_oct_interarrival_GPL_normal_scenario.ttl.csv,high
http://graphameleon.com#TRACE_3CB2C70C457F773422589D0B49AF5A33,2023-07-06 07:18:58.693000+00:00,0.089,output_oct_interarrival_GPL_normal_scenario.ttl.csv,medium
http://graphameleon.com#TRACE_AF27376159D19839B6835FB47BA264BD,2023-07-06 07:19:07.102000+00:00,8.409,output_oct_interarrival_GPL_normal_scenario.ttl.csv,high
http://graphameleon.com#TRACE_0A9DD7E0290A77A82C9EACFA1B8D6724,2023-07-06 07:19:07.137000+00:00,0.035,output_oct_interarrival_GPL_normal_scenario.ttl.csv,low
http://graphameleon.com#TRACE_1DC73BDF03B0C8F76ABD11E4D32AD0B9,2023-07-06 07:19:07.138000+00:00,0.001,output_oct_interarrival_GPL_normal_scenario.ttl.csv,low
http://graphameleon.com#TRACE_8C6B0DF49476F222E38E83D435EA2D68,2023-07-06 07:19:07.270000+00:00,0.132,output_oct_interarrival_GPL_normal_scenario.ttl.csv,medium
http://graphameleon.com#TRACE_9E7CDB183F03D24293D1CF8789286E75,2023-07-06 07:19:07.369000+00:00,0.099,output_oct_interarrival_GPL_normal_scenario.ttl.csv,medium
http://graphameleon.com#TRACE_C45BF2A56A5D2E6A12FB1E08169D9D59,2023-07-06 07:19:09.866000+00:00,2.497,output_oct_interarrival_GPL_normal_scenario.ttl.csv,high
http://graphameleon.com#TRACE_441803ECA5E393C711D5B787F0C6A228,2023-07-06 07:19:09.874000+00:00,0.008,output_oct_interarrival_GPL_normal_scenario.ttl.csv,low
http://graphameleon.com#TRACE_C5CA8D0C121A87B139A462B3FD05A138,2023-07-06 07:19:11.198000+00:00,1.324,output_oct_interarrival_GPL_normal_scenario.ttl.csv,medium
http://graphameleon.com#TRACE_96E026A624943861C69B58E86D0178DC,2023-07-06 07:19:14.480000+00:00,3.282,output_oct_interarrival_GPL_normal_scenario.ttl.csv,high
http://graphameleon.com#TRACE_DCF7FA5E1BEA2A89DC65F1325D906D3F,2023-07-06 07:19:14.566000+00:00,0.086,output_oct_interarrival_GPL_normal_scenario.ttl.csv,medium
http://graphameleon.com#TRACE_E08FC5A541367EF583CA12838CC44742,2023-07-06 07:19:17.500000+00:00,2.934,output_oct_interarrival_GPL_normal_scenario.ttl.csv,high
http://graphameleon.com#TRACE_3263D082BB6C288AD77900C5B495ACC2,2023-07-06 07:19:17.622000+00:00,0.122,output_oct_interarrival_GPL_normal_scenario.ttl.csv,medium
http://graphameleon.com#TRACE_E29DD8DB05F9D96548E5087D647DA183,2023-07-06 07:19:19.665000+00:00,2.043,output_oct_interarrival_GPL_normal_scenario.ttl.csv,high
http://graphameleon.com#TRACE_1A88821F7B2CB39AC11FA9C52D313627,2023-07-06 07:19:19.760000+00:00,0.095,output_oct_interarrival_GPL_normal_scenario.ttl.csv,medium
http://graphameleon.com#TRACE_F3533AE68762CDCCDDB105C3494BF43B,2023-07-06 07:19:21.696000+00:00,1.936,output_oct_interarrival_GPL_normal_scenario.ttl.csv,high
http://graphameleon.com#TRACE_C9A34B842892C122CCD0234A300730B2,2023-07-06 07:19:24.310000+00:00,2.614,output_oct_interarrival_GPL_normal_scenario.ttl.csv,high
http://graphameleon.com#TRACE_16690C636346FD7B0C350655CE1578FA,2023-07-06 07:19:24.310000+00:00,0.0,output_oct_interarrival_GPL_normal_scenario.ttl.csv,low
http://graphameleon.com#TRACE_457961640FBB06DB14F284FCB5380FE0,2023-07-06 07:19:24.319000+00:00,0.009,output_oct_interarrival_GPL_normal_scenario.ttl.csv,low
http://graphameleon.com#TRACE_CEF3765EE07B14BF38E11C6033DB42BE,2023-07-06 07:19:27.002000+00:00,2.683,output_oct_interarrival_GPL_normal_scenario.ttl.csv,high
http://graphameleon.com#TRACE_80AD28E7D98B7AA62162B88C00D58CD9,2023-07-06 07:27:42.596000+00:00,0.09,output_oct_interarrival_GPL_attack_scenario.ttl.csv,medium
http://graphameleon.com#TRACE_79201A488963C726F9831B650EB5E3EE,2023-07-06 07:27:42.596000+00:00,0.0,output_oct_interarrival_GPL_attack_scenario.ttl.csv,low
http://graphameleon.com#TRACE_E8FD77A03238C3CB4022F51546384CC9,2023-07-06 07:27:42.596000+00:00,0.0,output_oct_interarrival_GPL_attack_scenario.ttl.csv,low
http://graphameleon.com#TRACE_D3654760B9A407E8573818E4DF6757A3,2023-07-06 07:27:42.596000+00:00,0.0,output_oct_interarrival_GPL_attack_scenario.ttl.csv,low
http://graphameleon.com#TRACE_C99FC9144435AE0A97B5A8718EE839AE,2023-07-06 07:27:44.233000+00:00,1.637,output_oct_interarrival_GPL_attack_scenario.ttl.csv,medium
http://graphameleon.com#TRACE_0F1B86855EC172BA7F69B27DE2BD326E,2023-07-06 07:27:47.201000+00:00,2.968,output_oct_interarrival_GPL_attack_scenario.ttl.csv,high
http://graphameleon.com#TRACE_037078F08678E750B65E37E614B703EB,2023-07-06 07:27:47.339000+00:00,0.138,output_oct_interarrival_GPL_attack_scenario.ttl.csv,medium
http://graphameleon.com#TRACE_4FC54806D3264622EDDF7D812C810438,2023-07-06 07:27:52.212000+00:00,4.873,output_oct_interarrival_GPL_attack_scenario.ttl.csv,high
http://graphameleon.com#TRACE_8F06D551A2435DC3E06D85FBB8378598,2023-07-06 07:27:52.301000+00:00,0.089,output_oct_interarrival_GPL_attack_scenario.ttl.csv,medium
http://graphameleon.com#TRACE_7D8B0D4E1C368A648011A6C21CC38E1D,2023-07-06 07:27:52.302000+00:00,0.001,output_oct_interarrival_GPL_attack_scenario.ttl.csv,low
http://graphameleon.com#TRACE_3E6B2DF90791B2389943E24631B8F38C,2023-07-06 07:27:52.431000+00:00,0.129,output_oct_interarrival_GPL_attack_scenario.ttl.csv,medium
http://graphameleon.com#TRACE_6F2F64788F90074DBE8EDE538808E27A,2023-07-06 07:27:52.540000+00:00,0.109,output_oct_interarrival_GPL_attack_scenario.ttl.csv,medium
http://graphameleon.com#TRACE_47A8CA04DDC519900FFCDE89CCBF408E,2023-07-06 07:27:55.234000+00:00,2.694,output_oct_interarrival_GPL_attack_scenario.ttl.csv,high
http://graphameleon.com#TRACE_ED27F6D6527AE17507D2737B1ABF4D8A,2023-07-06 07:27:55.246000+00:00,0.012,output_oct_interarrival_GPL_attack_scenario.ttl.csv,low
http://graphameleon.com#TRACE_411EE25E9E2143CFC6AC81956DB4F284,2023-07-06 07:27:56.818000+00:00,1.572,output_oct_interarrival_GPL_attack_scenario.ttl.csv,medium
http://graphameleon.com#TRACE_7815BEFD2F7C41CA646991EE4C3D25F7,2023-07-06 07:28:03.279000+00:00,6.461,output_oct_interarrival_GPL_attack_scenario.ttl.csv,high
http://graphameleon.com#TRACE_791E052F3BDC8B215D6FDF8C1FEC4B3E,2023-07-06 07:28:03.374000+00:00,0.095,output_oct_interarrival_GPL_attack_scenario.ttl.csv,medium
http://graphameleon.com#TRACE_F59F5CD2AF3DB38F704950864F4C8786,2023-07-06 07:28:07.835000+00:00,4.461,output_oct_interarrival_GPL_attack_scenario.ttl.csv,high
http://graphameleon.com#TRACE_9D6EAD912F31A2E894B88CF5C08E0A71,2023-07-06 07:28:07.942000+00:00,0.107,output_oct_interarrival_GPL_attack_scenario.ttl.csv,medium
http://graphameleon.com#TRACE_F985CCDD2C3A1BF7020BE0DA6BF8AA76,2023-07-06 07:28:11.374000+00:00,3.432,output_oct_interarrival_GPL_attack_scenario.ttl.csv,high
http://graphameleon.com#TRACE_D174287E60AAB03242906F137651D529,2023-07-06 07:28:11.459000+00:00,0.085,output_oct_interarrival_GPL_attack_scenario.ttl.csv,medium
http://graphameleon.com#TRACE_5B72D54FC5ADAD270704B6B22C71761A,2023-07-06 07:28:13.614000+00:00,2.155,output_oct_interarrival_GPL_attack_scenario.ttl.csv,high
http://graphameleon.com#TRACE_67A3DC564C013724C39C0951C806858F,2023-07-06 07:28:15.780000+00:00,2.166,output_oct_interarrival_GPL_attack_scenario.ttl.csv,high
http://graphameleon.com#TRACE_80BB3854CE87B842781A05BF00BDD505,2023-07-06 07:28:15.781000+00:00,0.001,output_oct_interarrival_GPL_attack_scenario.ttl.csv,low
http://graphameleon.com#TRACE_ED4B5C7ABEB05992F017E9FFEA685F25,2023-07-06 07:28:15.796000+00:00,0.015,output_oct_interarrival_GPL_attack_scenario.ttl.csv,low
http://graphameleon.com#TRACE_63A88C50DAB2AA9450EE665C2617871D,2023-07-06 07:28:18.310000+00:00,2.514,output_oct_interarrival_GPL_attack_scenario.ttl.csv,high
http://graphameleon.com#TRACE_DE45DC4D8F288BB08F5DC22062775258,2023-07-06 07:28:18.330000+00:00,0.02,output_oct_interarrival_GPL_attack_scenario.ttl.csv,low
http://graphameleon.com#TRACE_7E43F02558F15FC1AF8EE0CB23C88C19,2023-07-06 07:23:15.478000+00:00,0.076,output_oct_interarrival_GPL_alternative_scenario.ttl.csv,medium
http://graphameleon.com#TRACE_691D8B6FBA58108E046DA14A9727B088,2023-07-06 07:23:15.478000+00:00,0.0,output_oct_interarrival_GPL_alternative_scenario.ttl.csv,low
http://graphameleon.com#TRACE_34DF824FD5A48AD6A6AF1AE2E37A8AE2,2023-07-06 07:23:15.478000+00:00,0.0,output_oct_interarrival_GPL_alternative_scenario.ttl.csv,low
http://graphameleon.com#TRACE_6E56BE127E65220F2241B11BAC3F91B1,2023-07-06 07:23:15.479000+00:00,0.001,output_oct_interarrival_GPL_alternative_scenario.ttl.csv,low
http://graphameleon.com#TRACE_1C50ED4EBDD1A7177D7940C483CFC422,2023-07-06 07:23:17.124000+00:00,1.645,output_oct_interarrival_GPL_alternative_scenario.ttl.csv,high
http://graphameleon.com#TRACE_7F1A7367520B46B81DD8311139BDDF6A,2023-07-06 07:23:17.166000+00:00,0.042,output_oct_interarrival_GPL_alternative_scenario.ttl.csv,low
http://graphameleon.com#TRACE_71EFF49CE177CEB259937C80D2843305,2023-07-06 07:23:18.739000+00:00,1.573,output_oct_interarrival_GPL_alternative_scenario.ttl.csv,medium
http://graphameleon.com#TRACE_3A263CABFB94BDAF713A575BC38F74E4,2023-07-06 07:23:19.450000+00:00,0.711,output_oct_interarrival_GPL_alternative_scenario.ttl.csv,medium
http://graphameleon.com#TRACE_AD9FEDB11AF2D9B90795AFA09211F589,2023-07-06 07:23:19.578000+00:00,0.128,output_oct_interarrival_GPL_alternative_scenario.ttl.csv,medium
http://graphameleon.com#TRACE_D1091DB61784064F25A0CA8A35921D94,2023-07-06 07:23:19.580000+00:00,0.002,output_oct_interarrival_GPL_alternative_scenario.ttl.csv,low
http://graphameleon.com#TRACE_9DC8715CA08748726A4773074F9A9E0E,2023-07-06 07:23:19.581000+00:00,0.001,output_oct_interarrival_GPL_alternative_scenario.ttl.csv,low
http://graphameleon.com#TRACE_D5C905580CA9D5ECC3C95CC94C5E23C5,2023-07-06 07:23:23.011000+00:00,3.43,output_oct_interarrival_GPL_alternative_scenario.ttl.csv,high
http://graphameleon.com#TRACE_E11736E842C6D0DA4262AD53FA67879C,2023-07-06 07:23:23.023000+00:00,0.012,output_oct_interarrival_GPL_alternative_scenario.ttl.csv,low
http://graphameleon.com#TRACE_7CB48E7635F9BC187DB36EB68077F084,2023-07-06 07:23:25.357000+00:00,2.334,output_oct_interarrival_GPL_alternative_scenario.ttl.csv,high
http://graphameleon.com#TRACE_0A111575A94E935C99A0EB5630708863,2023-07-06 07:23:28.379000+00:00,3.022,output_oct_interarrival_GPL_alternative_scenario.ttl.csv,high
http://graphameleon.com#TRACE_D8D010038FBE6982771780D3531CFA65,2023-07-06 07:23:28.499000+00:00,0.12,output_oct_interarrival_GPL_alternative_scenario.ttl.csv,medium
http://graphameleon.com#TRACE_8038791DF0574A63BFC5AB287CC2846A,2023-07-06 07:23:39.651000+00:00,11.152,output_oct_interarrival_GPL_alternative_scenario.ttl.csv,high
http://graphameleon.com#TRACE_94021681788E76B9C788BAA96CC9F317,2023-07-06 07:23:39.737000+00:00,0.086,output_oct_interarrival_GPL_alternative_scenario.ttl.csv,medium
http://graphameleon.com#TRACE_A68544A9D81A23CEF5D5F95DB94AEA20,2023-07-06 07:23:41.654000+00:00,1.917,output_oct_interarrival_GPL_alternative_scenario.ttl.csv,high
http://graphameleon.com#TRACE_B128BAF8F64A56771DDBBB1FCFF70940,2023-07-06 07:23:41.740000+00:00,0.086,output_oct_interarrival_GPL_alternative_scenario.ttl.csv,medium
http://graphameleon.com#TRACE_C95D8F9FE76B20BF4A6FC8A1FAC683D2,2023-07-06 07:23:43.640000+00:00,1.9,output_oct_interarrival_GPL_alternative_scenario.ttl.csv,high
http://graphameleon.com#TRACE_AA90B4347319117711BFF77DC316FF32,2023-07-06 07:23:45.077000+00:00,1.437,output_oct_interarrival_GPL_alternative_scenario.ttl.csv,medium
http://graphameleon.com#TRACE_7D09E6E4D3F8983E7BBC32EDFEFFA77E,2023-07-06 07:23:45.078000+00:00,0.001,output_oct_interarrival_GPL_alternative_scenario.ttl.csv,low
http://graphameleon.com#TRACE_137EB18FDB1D766C359F09FC5E25ADE2,2023-07-06 07:23:45.091000+00:00,0.013,output_oct_interarrival_GPL_alternative_scenario.ttl.csv,low
http://graphameleon.com#TRACE_0C9D95C2F479ED8126EC6BA94848D9E5,2023-07-06 07:23:47.262000+00:00,2.171,output_oct_interarrival_GPL_alternative_scenario.ttl.csv,high
